{"street": "123 Maple Dr", "city": "Springfield", "zip_code": "62704", "country": "USA"}
{"street": "45 Oak Ave", "city": "Shelbyville", "zip_code": "38034", "country": "USA"}
{"street": "7 Pine Ln", "city": "Capital City", "zip_code": "90210", "country": "USA"}
{"street": "88 Cedar Blvd", "city": "North Haverbrook", "zip_code": "19104", "country": "USA"}
{"street": "101 Elm St", "city": "New New York", "zip_code": "10001", "country": "USA"}
{"street": "23 Birch Ct", "city": "Westview", "zip_code": "48197", "country": "USA"}
{"street": "55 Poplar Way", "city": "Harmony Town", "zip_code": "98052", "country": "USA"}
{"street": "99 Willow Dr", "city": "Oakhaven", "zip_code": "77024", "country": "USA"}
{"street": "14 Hazel Ave", "city": "Riverdale", "zip_code": "33139", "country": "USA"}
{"street": "67 Spruce Pl", "city": "Fairview", "zip_code": "02134", "country": "USA"}
